{
    "rmse": 7260.93140302674,
    "mae": 5430.053354781879,
    "r2": 0.6493978198472045
}